species,F.BIO.I,LAT.SPR,FLO.ST,FLO.PER,C....,S....,R....,Var.19,LNC.n,LNC.med,LNC.se,LCC.n,LCC.med,LCC.se,CN.n,CN.med,CN.se,LA.n,LA.med,LA.se,LDW.n,LDW.med,LDW.se,LFW.n,LFW.med,LFW.se,SLA.n,SLA.med,SLA.se,LDMC.n,LDMC.med,LDMC.se,KOE.n,KOE.med,KOE.se,CAN.n,CAN.med,CAN.se,Plant.Growth.Form,lnc_cv,lcc_cv,cn_cv,la_cv,ldw_cv,lfw_cv,sla_cv,ldmc.cv,can_cv
Achillea.moschata,7-Ch,4,5,1,6.54,62.72,30.74,S/SR,3,2.2,0.05,3,45.2,0.3,3,20.5,0.2,5,78,3,5,5,1,5,22,3,5,17,3,5,25,4,5,2,0,5,100,8,forb,0.039364791,0.011495912,0.016898057,0.086002615,0.447213595,0.304918361,0.394600231,0.357770876,0.178885438
Achillea.nana,3-H,2,5,1,18.19,21.34,60.46,R/CSR,3,2.2,0.05,3,40.3,0.1,3,18.1,0.3,12,149,15,12,9,1,12,49,5,12,17,0.05,12,19,0.05,12,3,0,1,75,NA,forb,0.039364791,0.004297893,0.028708024,0.348735062,0.384900179,0.353479757,0.010188534,0.009116057,NA
Adenostyles.leucophylla,3-H,3,5,1,56.66,0.2,43.13,CR,3,3.2,0.1,3,46.7,0.3,3,14.6,0.2,5,2440,361,5,117,20,5,702,147,5,21,2,5,17,1,5,2,0,5,358,32,forb,0.054126588,0.011126665,0.023726723,0.33082809,0.382233842,0.468236457,0.212958855,0.13153341,0.199871998
Agrostis.alpina,3-H,3,5,1,0,80.34,19.66,S/SR,3,1.8,0.05,3,43.5,0.05,3,24.3,0.2,12,20,1,12,1,0.05,12,4,0.05,12,14,0.05,12,35,1,12,1,0,1,175,NA,graminoid,0.048112522,0.001990863,0.014255562,0.173205081,0.173205081,0.04330127,0.012371791,0.098974332,NA
Agrostis.rupestris,3-H,3,5,1,1.94,84.55,13.51,S,3,1.7,0.1,3,46.2,0.1,3,27.5,1.5,5,38,2,5,3,0.05,5,11,1,5,12,1,5,29,3,5,2,0,5,85,7,graminoid,0.101885342,0.003749028,0.094475499,0.117687788,0.0372678,0.203278907,0.186338998,0.231317377,0.184146775
Agrostis.schraderana,3-H,5,5,1,10.1,57.19,32.71,S/CSR,3,2.7,0.05,3,48.3,0.2,3,17.8,0.3,6,281,14,6,12,0.05,6,36,2,6,23,1,6,34,1,6,1,0,6,245,42,graminoid,0.032075015,0.007172053,0.029191868,0.122038635,0.010206207,0.136082763,0.106499554,0.072043816,0.419912527
Alchemilla.alpina,3-H,5,4,2,22.9,69.83,7.26,S/CS,3,1.7,0.05,3,43.5,0.2,3,26.2,0.6,13,752,23,13,66,3,13,190,7,13,12,0.05,13,34,0.05,13,2,0,1,300,NA,forb,0.050942671,0.007963452,0.039665286,0.110276169,0.163888694,0.1328361,0.01502313,0.005302281,NA
Alchemilla.glaucescens,3-H,3,5,1,35.53,34.68,29.79,CSR,6,3.6,0.2,6,48.1,0.2,6,13.6,1,12,2330,197,12,105,9,12,402,36,12,23,2,12,26,1,12,1,0,12,145,15,forb,0.136082763,0.010184989,0.18010954,0.292887561,0.296922996,0.310218055,0.301226227,0.133234678,0.358355339
Alchemilla.pentaphyllea,3-H,5,5,1,13.4,43.44,43.16,SR/CSR,3,3.7,0.1,3,49.3,0.1,3,13.2,0.2,10,242,15,10,12,1,10,48,3,10,21,1,10,24,1,10,2,0,5,31,3,forb,0.046812184,0.003513288,0.026243194,0.196008946,0.263523138,0.197642354,0.15058465,0.131761569,0.216393675
Androsace.alpina,7-Ch,4,6,1,4.47,36.28,59.25,SR,3,2.3,0.05,3,42.9,0.1,3,18.9,0.2,13,47,2,13,3,0.05,13,14,1,13,17,0.05,13,20,0.05,13,2,0,1,20,NA,shrub (sub-),0.037653278,0.004037414,0.01832858,0.153427714,0.060092521,0.257539377,0.010604563,0.009013878,NA
Androsace.obtusifolia,3-H,3,4,1,0,56.1,43.9,SR,0,NA,NA,0,NA,NA,0,NA,NA,10,15,1,10,1,0.05,10,5,0.05,10,17,2,10,22,2,10,2,0,10,8,0.05,forb,NA,NA,NA,0.210818511,0.158113883,0.031622777,0.372032666,0.287479787,0.019764235
Antennaria.carpathica,3-H,4,5,1,10.04,77.19,12.77,S/SR,0,NA,NA,0,NA,NA,0,NA,NA,6,127,7,6,11,1,6,39,2,6,12,1,6,28,1,6,2,0,6,41,4,forb,NA,NA,NA,0.135011246,0.222680886,0.125614859,0.204124145,0.087481777,0.238974609
Antennaria.dioica,7-Ch,5,4,2,1.79,79.46,18.75,S/SR,3,1.4,0.05,3,48.3,0.1,3,33.8,0.4,5,40,4,5,3,0.05,5,9,1,5,14,1,5,32,2,5,2,0,5,17,2,forb,0.061858957,0.003586027,0.020497643,0.223606798,0.0372678,0.248451997,0.159719141,0.139754249,0.263066821
Anthoxanthum.alpinum,3-H,3,5,1,10.22,64.55,25.23,S/SR,3,3,0.05,3,48.6,0.1,3,16.3,0.1,6,240,35,6,14,2,6,41,6,6,17,1,6,34,1,6,1,0,6,106,16,graminoid,0.028867513,0.003563891,0.010626079,0.357217254,0.349927106,0.358461914,0.144087632,0.072043816,0.369734301
Arabis.alpina,3-Hm,4,2,4,9.37,0,90.63,R,3,3.2,0.05,3,41.4,0.2,3,13.1,0.1,5,96,21,5,3,0.05,5,26,4,5,27,3,5,14,1,5,3,0,5,20,3,forb,0.027063294,0.008367395,0.013221762,0.48913987,0.0372678,0.344010458,0.248451997,0.159719141,0.335410197
Arabis.caerulea,3-H,4,5,1,22.91,0,77.09,R/CR,3,2.2,0.05,3,39.8,0.1,3,18.3,0.2,13,117,8,13,8,1,13,53,4,13,16,1,13,15,1,13,4,0,1,80,NA,forb,0.039364791,0.004351886,0.018929517,0.246533421,0.450693909,0.272117077,0.225346955,0.240370085,NA
Arctostaphylos.uva.ursi,7-Ch,6,4,1,7.44,92.56,0,S,3,0.9,0.05,3,54.4,0.1,3,58.5,2.5,5,162,5,5,26,1,5,58,3,5,6,0.05,5,46,0.05,5,2,0,1,600,NA,shrub (sub-),0.096225045,0.003183917,0.074019265,0.069014444,0.086002615,0.115658688,0.0186339,0.002430509,NA
Arnica.montana,3-H,3,4,2,54.58,0,45.42,CR,3,2.4,0.1,3,42.9,0.2,3,17.8,0.5,14,1159,57,14,69,2,14,433,19,14,17,0.05,14,16,0.05,14,3,0,1,350,NA,forb,0.072168784,0.008074829,0.048653113,0.184015937,0.108453837,0.16418358,0.011004875,0.011692679,NA
Artemisia.genipi,7-Ch,4,5,1,5.56,50.14,44.3,SR,0,NA,NA,0,NA,NA,0,NA,NA,50,56,2,50,4,0.05,50,17,1,50,17,1,50,21,1,50,2,0,50,19,1,forb,NA,NA,NA,0.252538136,0.088388348,0.415945165,0.415945165,0.336717515,0.372161464
Artemisia.umbelliformis,7-Ch,4,5,1,4.99,74.24,20.78,S/SR,0,NA,NA,0,NA,NA,0,NA,NA,10,65,5,10,5,0.05,10,18,2,10,13,1,10,28,1,10,2,0,10,32,2,forb,NA,NA,NA,0.243252128,0.031622777,0.351364184,0.243252128,0.112938488,0.197642354
Astrantia.minor,3-H,3,5,1,19.19,34.24,46.57,SR/CSR,3,2,0.05,3,42.2,0.1,3,20.6,0.1,10,591,84,10,21,4,10,87,14,10,30,2,10,23,1,10,1,0,6,134,7,forb,0.04330127,0.004104386,0.008408014,0.449460784,0.602338602,0.508872267,0.210818511,0.137490333,0.127958419
Athyrium.distentifolium,3-H,3,5,2,70.81,11.51,17.68,C/CR,0,NA,NA,0,NA,NA,0,NA,NA,10,26886,2663,10,1122,188,10,5125,850,10,26,2,10,22,1,10,1,0,6,616,84,forb,NA,NA,NA,0.313216745,0.529864706,0.524475319,0.243252128,0.143739894,0.334021329
Avenella.flexuosa,3-H,3,4,2,12.27,28.5,59.23,R/CSR,3,1.7,0.05,3,41.7,0.1,3,24.2,0.2,14,176,13,14,7,1,14,36,3,14,25,1,14,20,1,14,2,0,1,300,NA,graminoid,0.050942671,0.004153599,0.014314469,0.276372421,0.534522484,0.311804782,0.149666295,0.187082869,NA
Avenula.versicolor,3-H,3,5,1,14.64,85.36,0,S,3,1.6,0.1,3,46.4,0.1,3,29.7,1.2,5,327,26,5,34,2,5,90,5,5,10,1,5,38,1,5,2,0,5,123,6,graminoid,0.108253175,0.003732868,0.069981851,0.177791338,0.13153341,0.124225999,0.223606798,0.058843894,0.109076487
Bartsia.alpina,3-H,2,4,2,7.37,58.28,34.35,SR,3,3.5,0.1,3,49.6,0.3,3,14.2,0.7,10,134,2,10,7,0.05,10,24,1,10,20,0.05,10,29,1,10,1,0,5,84,9,forb,0.049487166,0.010476114,0.085382786,0.047198174,0.022587698,0.131761569,0.007905694,0.109044057,0.239578712
Botrychium.lunaria,4-G,2,4,2,62.41,14.29,23.3,C/CSR,3,3.2,0.05,3,47.6,0.05,3,15,0.05,10,1265,171,10,100,16,10,562,85,10,13,1,10,18,0.05,10,4,0,6,88,13,forb,0.027063294,0.001819381,0.005773503,0.427469945,0.505964426,0.478280429,0.243252128,0.008784105,0.361856439
Campanula.cochleariifolia,3-H,4,4,2,4.07,22.2,73.73,R/SR,0,NA,NA,0,NA,NA,0,NA,NA,6,48,3,6,2,0.05,6,12,2,6,22,1,6,20,2,6,2,0,6,27,4,forb,NA,NA,NA,0.153093109,0.061237244,0.40824829,0.111340443,0.244948974,0.362887369
Campanula.scheuchzeri,3-H,3,5,1,3.15,53.74,43.11,SR,3,2.3,0.05,3,47.7,0.1,3,20.3,0.2,10,49,3,10,3,0.05,10,11,1,10,18,1,10,24,1,10,2,0,5,56,4,forb,0.037653278,0.003631134,0.01706454,0.193608836,0.052704628,0.287479787,0.175682092,0.131761569,0.159719141
Cardamine.bellidifolia,3-H,2,4,1,4.6,0,95.4,R,3,4.6,0.05,3,43.1,0.2,3,9.4,0.1,5,57,9,5,2,0.05,5,13,2,5,32,4,5,14,1,5,2,0,5,32,3,forb,0.018826639,0.008037359,0.018426072,0.353063365,0.055901699,0.344010458,0.279508497,0.159719141,0.209631373
Cardamine.resedifolia,3-H,2,5,1,4.12,62.49,33.4,S/SR,3,3.6,0.05,3,45.4,0.1,3,12.7,0.1,5,58,4,5,4,0.05,5,14,1,5,16,1,5,26,2,5,2,0,5,24,2,forb,0.024056261,0.00381509,0.013638195,0.154211585,0.02795085,0.159719141,0.139754249,0.172005229,0.186338998
Carex.atrata,3-H,4,5,1,19.17,57.26,23.58,S/CSR,3,2.7,0.05,3,44.1,0.1,3,16.5,0.2,14,637,36,14,37,2,14,117,6,14,17,0.05,14,32,1,14,1,0,1,250,NA,graminoid,0.032075015,0.003927553,0.020994555,0.211459444,0.202251751,0.191879866,0.011004875,0.116926793,NA
Carex.curvula,3-H,3,5,1,6.2,93.8,0,S,3,1.2,0.05,3,46.9,0.2,3,39.5,1.2,5,133,4,5,15,1,5,31,4,5,9,1,5,49,4,5,1,0,5,66,10,graminoid,0.072168784,0.007386144,0.052619265,0.067250165,0.149071198,0.2885249,0.248451997,0.182536161,0.338798178
Carex.foetida,3-H,4,5,2,11.05,70.79,18.15,S/SR,3,2.7,0.1,3,43.4,0.05,3,16.2,0.3,10,253,15,10,17,1,10,49,2,10,15,1,10,35,1,10,1,0,1,200,NA,graminoid,0.06415003,0.00199545,0.032075015,0.187486818,0.186016333,0.129072558,0.210818511,0.09035079,NA
Carex.fusca,4-G,3,3,2,26.44,57.95,15.62,S/CSR,3,2.2,0.1,3,45,0.1,3,20.6,0.5,10,1225,82,10,84,7,10,251,17,10,15,1,10,33,1,10,1,0,1,225,NA,graminoid,0.078729582,0.003849002,0.042040068,0.211678994,0.263523138,0.214178168,0.210818511,0.095826596,NA
Carex.sempervirens,3-H,3,4,2,14.47,71.5,14.04,S/CS,3,2.2,0.1,3,47.3,0.3,3,21.2,0.6,5,472,79,5,34,5,5,84,11,5,14,1,5,39,1,5,1,0,5,180,10,graminoid,0.078729582,0.010985523,0.049020306,0.37425714,0.328833526,0.292818426,0.159719141,0.057335076,0.124225999
Cerastium.alpinum,3-H,2,5,1,3.12,29.44,67.44,R/SR,0,NA,NA,0,NA,NA,0,NA,NA,6,67,14,6,1,0.05,6,6,0.05,6,45,8,6,23,1,6,1,0,6,32,2,forb,NA,NA,NA,0.511833678,0.122474487,0.020412415,0.435464843,0.106499554,0.153093109
Cerastium.arvense,3-H,4,4,1,0.35,35.19,64.46,R/SR,0,NA,NA,0,NA,NA,0,NA,NA,6,26,2,6,1,0.05,6,7,1,6,19,1,6,20,1,6,2,0,6,23,2,forb,NA,NA,NA,0.188422288,0.122474487,0.349927106,0.128920513,0.122474487,0.212999108
Cerastium.cerastioides,3-H,4,6,1,0,34.64,65.36,R/SR,0,NA,NA,0,NA,NA,0,NA,NA,10,13,1,10,1,0.05,10,3,0.05,10,22,1,10,21,1,10,2,0,10,19,1,forb,NA,NA,NA,0.243252128,0.158113883,0.052704628,0.143739894,0.15058465,0.166435666
Cerastium.pedunculatum,3-H,4,5,1,3.64,0,96.36,R,3,2.4,0.05,3,43.7,0.1,3,18.6,0.1,10,50,3,10,1,0.05,10,16,2,10,35,2,10,9,1,10,3,0,5,49,2,forb,0.036084392,0.003963503,0.009312101,0.18973666,0.158113883,0.395284708,0.180701581,0.351364184,0.091268081
Cerastium.uniflorum,7-Ch,3,5,1,6.61,0,93.39,R,3,3.4,0.1,3,41.8,0.4,3,12.2,0.4,5,84,7,5,2,0.05,5,14,1,5,38,3,5,16,1,5,1,0,5,16,2,forb,0.050942671,0.016574649,0.056788551,0.186338998,0.055901699,0.159719141,0.176531682,0.139754249,0.279508497
Cirsium.spinosissimum,3-H,3,5,1,81.74,0,18.26,C/CR,0,NA,NA,0,NA,NA,0,NA,NA,6,8438,1451,6,559,126,6,4551,889,6,16,1,6,12,0.05,6,5,0,6,178,28,forb,NA,NA,NA,0.421214697,0.552121123,0.478487449,0.153093109,0.010206207,0.385312993
Coeloglossum.viride,4-G,3,4,2,34.8,0,65.2,R/CR,3,2.8,0.05,3,46.2,0.05,3,16.4,0.1,11,469,53,11,24,3,11,149,24,11,21,1,11,16,1,11,3,0,1,200,NA,forb,0.030929479,0.001874514,0.010561285,0.374799816,0.414578099,0.534221443,0.157934514,0.207289049,NA
Cryptogramma.crispa,3-H,3,5,2,72.42,14.55,13.03,C/CS,3,2.4,0.05,3,45.6,0.1,3,18.8,0.2,12,1402,96,12,126,8,12,709,49,12,11,1,12,18,0.05,12,4,0,1,200,NA,forb,0.036084392,0.003798357,0.018426072,0.23719954,0.21994296,0.239408997,0.314918329,0.009622504,NA
Deschampsia.caespitosa,3-H,3,4,2,20.83,63.17,15.99,S/CSR,6,2.7,0.2,6,46.8,0.3,6,17.6,0.9,12,553,125,12,41,10,12,136,34,12,14,1,12,32,1,12,2,0,12,659,96,graminoid,0.181443685,0.015701857,0.125257998,0.783024777,0.844902833,0.866025404,0.24743583,0.108253175,0.504633923
Diphasium.alpinum,7-Ch,5,4,3,0,70.88,29.12,S/SR,3,1,0.05,3,45,0.2,3,43,0.8,10,4,0.05,10,0,0.05,10,1,0.05,10,19,0.05,10,36,1,10,1,0,1,65,NA,forb,0.08660254,0.007698004,0.032224201,0.039528471,NA,0.158113883,0.008321783,0.087841046,NA
Doronicum.clusii,4-G,3,5,1,37.32,0,62.68,R/CR,0,NA,NA,0,NA,NA,0,NA,NA,10,1065,72,10,38,3,10,370,27,10,29,2,10,10,1,10,3,0,1,200,NA,forb,NA,NA,NA,0.213787785,0.249653499,0.230760802,0.218088114,0.316227766,NA
Doronicum.grandiflorum,4-G,4,5,1,39.66,0,60.34,CR,0,NA,NA,0,NA,NA,0,NA,NA,12,1283,63,12,45,2,12,457,25,12,29,2,12,10,0.05,12,3,0,6,132,10,forb,NA,NA,NA,0.170100079,0.153960072,0.189502277,0.23890356,0.017320508,0.185567405
Draba.aizoides,3-H,4,3,2,6.18,3.16,90.66,R,3,2.3,0.05,3,39.6,0.1,3,16.9,0.1,14,43,2,14,3,0.05,14,16,1,14,17,0.05,14,17,0.05,14,3,0,1,75,NA,forb,0.037653278,0.004373866,0.010248821,0.174030576,0.062360956,0.233853587,0.011004875,0.011004875,NA
Dryas.octopetala,7-Ch,6,4,1,13.54,74.01,12.46,S/CS,3,2.9,0.05,3,47.1,0.2,3,16.3,0.05,15,316,15,15,25,1,15,71,4,15,13,0.05,15,35,1,15,1,0,1,100,NA,shrub (sub-),0.029862945,0.00735478,0.005313039,0.183844146,0.154919334,0.218196245,0.01489609,0.110656667,NA
Elyna.myosuroides,3-H,3,5,1,5.14,94.86,0,S,3,2,0.05,3,46.6,0.05,3,22.9,0.4,10,84,6,10,10,1,10,25,2,10,9,0.05,10,38,1,10,2,0,5,129,7,graminoid,0.04330127,0.001858424,0.030254163,0.225876976,0.316227766,0.252982213,0.017568209,0.083217833,0.121337022
Empetrum.hermaphroditum,8-NP,5,3,1,2.59,97.41,0,S,3,1.2,0.05,3,51.8,0.05,3,44.1,0.3,10,59,1,10,9,0.05,10,19,1,10,7,0.05,10,48,1,10,2,0,1,225,NA,shrub (sub-),0.072168784,0.001671864,0.011782659,0.053597926,0.017568209,0.166435666,0.022587698,0.065880785,NA
Epilobium.anagallidifolium,3-H,4,5,1,8.63,21.17,70.2,R/SR,3,1.8,0.05,3,42.5,0.2,3,23.4,0.1,11,95,7,11,4,0.05,11,22,2,11,24,1,11,19,1,11,2,0,1,58,NA,forb,0.048112522,0.008150827,0.007401927,0.244382879,0.04145781,0.301511345,0.1381927,0.174559199,NA
Epilobium.angustifolium,3-H,3,4,2,34.81,17.7,47.49,CR/CSR,3,4.6,0.05,3,51.1,0.1,3,11.1,0.1,10,1265,95,10,50,5,10,257,21,10,26,1,10,19,0.05,10,2,0,5,964,139,forb,0.018826639,0.003389532,0.015604061,0.237483303,0.316227766,0.258396229,0.121626064,0.008321783,0.32242059
Epilobium.fleischeri,3-H,3,5,1,9.38,62.4,28.22,S/SR,3,1.5,0.05,3,45.3,0.1,3,30.9,0.3,5,68,11,5,6,1,5,27,5,5,13,1,5,21,0.05,5,3,0,5,115,6,forb,0.057735027,0.003823512,0.016816027,0.361716879,0.372677996,0.414086662,0.172005229,0.005323971,0.116664416
Erigeron.alpinus,3-H,3,5,2,20.36,30.48,49.16,R/CSR,3,2.5,0.05,3,42.6,0.1,3,16.8,0.2,10,306,33,10,16,2,10,78,9,10,20,1,10,20,0.05,10,2,0,6,130,15,forb,0.034641016,0.004065847,0.020619652,0.341029944,0.395284708,0.364878192,0.158113883,0.007905694,0.282633432
Erigeron.uniflorus,3-H,2,5,2,2.7,21.66,75.64,R/SR,3,2.3,0.05,3,46.1,0.05,3,20,0.2,5,44,5,5,2,0.05,5,8,1,5,28,2,5,19,1,5,2,0,5,44,4,forb,0.037653278,0.00187858,0.017320508,0.254098634,0.055901699,0.279508497,0.159719141,0.117687788,0.203278907
Eriophorum.angustifolium,5-G(I),5,4,2,35.06,51.21,13.72,CS/CSR,3,2.3,0.05,3,45.3,0.1,3,19.9,0.3,15,1700,112,15,127,9,15,432,28,15,14,0.05,15,29,0.05,15,2,0,1,300,NA,graminoid,0.037653278,0.003823512,0.026111319,0.255161256,0.274463387,0.251026698,0.013832083,0.006677557,NA
Eriophorum.scheuchzeri,5-G(I),5,4,2,16.62,58.19,25.2,S/CSR,3,3,0.05,3,45.2,0.05,3,15.2,0.1,15,275,18,15,19,1,15,74,6,15,15,0.05,15,26,1,15,2,0,1,200,NA,graminoid,0.028867513,0.001915985,0.011395071,0.253504364,0.203841229,0.314025677,0.012909944,0.148960898,NA
Euphrasia.minima,1-Tep,1,5,2,2,13.2,84.8,R,3,2.5,0.1,3,44.8,0.4,3,18.1,0.5,5,38,2,5,1,0.05,5,7,0.05,5,30,1,5,18,1,5,2,0,5,43,6,forb-annual,0.069282032,0.015464739,0.047846707,0.117687788,0.111803399,0.015971914,0.074535599,0.124225999,0.312009485
Festuca.halleri,3-H,3,5,1,2.09,94.24,3.66,S,3,1.3,0.05,3,45.5,0.2,3,35.6,1.3,5,48,2,5,5,0.05,5,11,0.05,5,11,1,5,42,4,5,1,0,5,86,6,graminoid,0.066617339,0.00761341,0.063249046,0.093169499,0.02236068,0.010163945,0.203278907,0.212958855,0.156004743
Festuca.nigrescens,3-H,3,4,2,4.03,82.24,13.73,S,3,2.2,0.05,3,47.5,0.05,3,21.4,0.05,6,70,8,6,6,0.05,6,16,1,6,13,1,6,35,1,6,2,0,6,202,14,graminoid,0.039364791,0.001823211,0.004046848,0.279941685,0.020412415,0.153093109,0.188422288,0.069985421,0.169766616
Festuca.quadriflora,3-H,3,5,1,2.36,97.64,0,S,3,1.2,0.05,3,43.7,0.1,3,37.3,0.9,15,51,3,15,6,0.05,15,14,1,15,9,0.05,15,43,1,15,2,0,1,175,NA,graminoid,0.072168784,0.003963503,0.041792111,0.22782255,0.032274861,0.276641668,0.021516574,0.09006938,NA
Festuca.varia,3-H,3,5,1,9.23,90.77,0,S,3,1.2,0.05,0,NA,NA,0,NA,NA,10,178,9,10,27,3,10,67,5,10,7,0.05,10,39,1,10,2,0,5,388,14,graminoid,0.072168784,NA,NA,0.159890443,0.351364184,0.23599087,0.022587698,0.081084043,0.080682865
Gentiana.kochiana,3-H,3,3,2,13.6,82.99,3.41,S,3,1.7,0.05,3,49.6,0.05,3,29.2,0.3,10,187,12,10,18,2,10,62,6,10,10,0.05,10,30,1,10,2,0,5,20,2,forb,0.050942671,0.001746019,0.017795043,0.202926909,0.351364184,0.30602687,0.015811388,0.105409255,0.223606798
Gentiana.nivalis,3-H,1,4,3,0,71.04,28.96,S/SR,3,1.5,0.05,3,45,0.1,3,30.6,0.6,13,18,1,13,1,0.05,13,5,0.05,13,15,0.05,13,27,0.05,13,2,0,1,100,NA,forb-annual,0.057735027,0.003849002,0.033961781,0.200308404,0.180277564,0.036055513,0.012018504,0.006676947,NA
Gentiana.punctata,3-H,3,5,1,61.4,4.41,34.18,C/CR,3,1,0.1,3,46.9,0.3,3,48.9,3.7,10,3440,414,10,180,28,10,1040,150,10,20,2,10,17,1,10,2,0,5,322,19,forb,0.173205081,0.011079216,0.131054969,0.380576439,0.491909858,0.456097739,0.316227766,0.186016333,0.131941899
Gentiana.verna,3-H,3,2,2,3.57,38.79,57.64,SR,3,1.8,0.1,3,49.9,0.1,3,27.3,0.8,5,49,8,5,2,0.05,5,11,2,5,21,1,5,23,3,5,2,0,1,65,NA,forb,0.096225045,0.003471044,0.050756068,0.365072323,0.055901699,0.406557814,0.106479427,0.291661041,NA
Geum.montanum,3-H,3,4,1,29.1,56.25,14.65,S/CSR,3,2.7,0.1,3,50.4,0.1,3,18.5,0.5,10,841,70,10,66,6,10,240,22,10,13,0.05,10,28,1,10,2,0,5,34,3,forb,0.06415003,0.003436609,0.046812184,0.263209793,0.287479787,0.289875452,0.012162606,0.112938488,0.197300116
Geum.reptans,3-H,6,5,1,29.39,70.61,0,S/CS,3,3,0.3,3,47.5,0.2,3,15.8,1.2,10,566,57,10,67,5,10,250,23,10,8,1,10,27,1,10,3,0,5,75,8,forb,0.173205081,0.007292846,0.131548163,0.318462591,0.23599087,0.290929545,0.395284708,0.117121395,0.238513918
Gnaphalium.norvegicum,3-H,2,4,2,17.73,37.59,44.68,SR/CSR,3,1.9,0.05,3,42,0.1,3,21.9,0.2,11,379,36,11,17,2,11,74,9,11,23,1,11,23,0.05,11,1,0,1,200,NA,forb,0.045580284,0.00412393,0.015817816,0.3150356,0.390191152,0.403373285,0.144201078,0.007210054,NA
Gnaphalium.supinum,3-H,4,5,1,0,64.75,35.25,S/SR,3,1.9,0.1,3,47.7,0.3,3,25.6,0.7,5,18,1,5,1,0.05,5,2,0.05,5,25,2,5,37,5,5,1,0,5,12,1,forb,0.091160569,0.010893401,0.047360764,0.124225999,0.111803399,0.055901699,0.178885438,0.302171348,0.186338998
Hieracium.glaciale,3-H,3,5,1,9.6,59.37,31.03,S/SR,3,1.6,0.05,3,46,0.3,3,28.3,0.3,5,122,5,5,8,0.05,5,32,1,5,15,1,5,25,1,5,2,0,5,34,3,forb,0.054126588,0.011295984,0.018360963,0.09164213,0.013975425,0.069877124,0.149071198,0.089442719,0.197300116
Hieracium.glanduliferum,3-H,3,5,1,26.47,0,73.53,R/CR,3,1.8,0.1,3,43.8,0.2,3,24.4,1.2,6,278,18,6,14,1,6,83,6,6,20,1,6,17,0.05,6,3,0,6,77,5,forb,0.096225045,0.007908908,0.085182827,0.158600055,0.174963553,0.177071548,0.122474487,0.007204382,0.159057776
Hieracium.intybaceum,3-H,3,5,1,33.32,12.99,53.69,R/CSR,3,1.9,0.05,3,46.1,0.2,3,24.6,0.5,10,616,58,10,31,4,10,170,22,10,21,0.05,10,18,0.05,10,2,0,5,61,3,forb,0.045580284,0.00751432,0.035204285,0.297746923,0.408035827,0.409235932,0.007529233,0.008784105,0.109970556
Hieracium.pilosella,3-H,5,3,5,32.97,65.38,1.65,S/CS,3,1.3,0.1,3,44.2,0.3,3,33,1.1,13,642,27,13,64,3,13,251,10,13,10,0.05,13,26,1,13,3,0,1,180,NA,forb,0.133234678,0.011756001,0.057735027,0.151635334,0.169010216,0.143647461,0.018027756,0.138675049,NA
Hieracium.staticifolium,3-H,4,5,1,40.44,0,59.56,CR,3,1.6,0.05,3,45.1,0.1,3,28.7,0.2,10,401,34,10,25,2,10,171,18,10,16,0.05,10,15,0.05,10,4,0,5,64,7,forb,0.054126588,0.003840467,0.01207004,0.268123293,0.252982213,0.332871333,0.009882118,0.010540926,0.244569935
Hieracium.tenuiflorum,3-H,3,4,2,27.92,1.32,70.76,R/CR,3,2.3,0.1,3,47.4,0.3,3,20.9,0.7,15,816,103,15,21,3,15,128,19,15,39,1,15,17,0.05,15,1,0,5,125,17,forb,0.075306557,0.010962347,0.058011271,0.488869221,0.553283335,0.574895965,0.099307265,0.011391127,0.304105245
Hippocrepis.comosa,3-H,4,3,3,13.94,49.42,36.64,SR/CSR,3,2.9,0.05,3,47.2,0.1,3,16.1,0.2,10,189,8,10,12,1,10,50,3,10,17,1,10,24,2,10,2,0,5,160,25,forb,0.029862945,0.003669599,0.021516159,0.133853023,0.263523138,0.18973666,0.186016333,0.263523138,0.349385621
Homogyne.alpina,3-H,3,3,2,25.26,74.74,0,S/CS,3,2.3,0.05,3,46.3,0.2,3,20.1,0.1,5,388,41,5,40,5,5,151,20,5,10,1,5,27,0.05,5,3,0,5,36,4,forb,0.037653278,0.007481861,0.008617168,0.236285534,0.279508497,0.296167944,0.223606798,0.004140867,0.248451997
Huperzia.selago,7-Ch,3,5,3,0,93.7,6.3,S,0,NA,NA,0,NA,NA,0,NA,NA,10,4,0.05,10,0,0.05,10,1,0.05,10,12,1,10,51,4,10,1,0,6,67,9,forb,NA,NA,NA,0.039528471,NA,0.158113883,0.263523138,0.248021777,0.329035936
Hypericum.montanum,3-H,2,4,1,17.55,39.15,43.3,SR/CSR,3,2.1,0.05,3,48.2,0.05,3,23.4,0.2,10,636,109,10,21,3,10,78,11,10,30,2,10,28,1,10,1,0,5,482,25,forb,0.041239305,0.001796733,0.014803853,0.541962681,0.451753951,0.445962234,0.210818511,0.112938488,0.11597863
Juncus.jacquinii,3-H,3,5,1,12.42,87.58,0,S,3,0.9,0.1,3,46.8,0.2,3,51.8,3.4,10,131,5,10,21,1,10,76,5,10,6,0.05,10,27,0.05,10,4,0,5,356,16,graminoid,0.19245009,0.007401927,0.113686733,0.120697621,0.15058465,0.208044583,0.026352314,0.00585607,0.100497437
Juncus.trifidus,4-G,4,5,1,2.72,79.13,18.16,S/SR,3,2.6,0.05,3,44.6,0.1,3,17.2,0.1,15,54,2,15,4,0.05,15,11,1,15,14,1,15,35,1,15,1,0,1,125,NA,graminoid,0.033308669,0.003883522,0.010070063,0.143443828,0.048412292,0.352089395,0.276641668,0.110656667,NA
Juniperus.nana,8-NP,6,4,1,0,100,0,S,3,1,0.05,3,50.5,0.05,3,51.6,0.1,15,14,1,15,3,0.05,15,6,0.05,15,5,0.05,15,49,1,15,2,0,1,200,NA,shrub (sub-),0.08660254,0.001714902,0.003356688,0.276641668,0.064549722,0.032274861,0.038729833,0.079040476,NA
Leontodon.helveticus,3-H,3,5,1,22.02,14.32,63.66,R/CSR,3,3.3,0.05,3,48.2,0.2,3,14.7,0.1,6,467,32,6,16,3,6,86,7,6,36,8,6,18,2,6,2,0,6,56,7,forb,0.026243194,0.007186933,0.011782659,0.167845122,0.459279327,0.199377072,0.544331054,0.272165527,0.306186218
Leontodon.hispidus,3-H,3,4,2,46.06,0,53.94,CR,3,2.1,0.05,3,43.6,0.1,3,20.7,0.1,10,2014,96,10,72,4,10,732,33,10,28,1,10,10,0.05,10,3,0,5,208,7,forb,0.041239305,0.003972594,0.008367395,0.150734188,0.175682092,0.142561698,0.112938488,0.015811388,0.075252288
Leucanthemopsis.alpina,3-H,4,5,1,5.34,0,94.66,R,3,2.6,0.05,3,44.7,0.1,3,17.1,0.1,5,42,4,5,2,0.05,5,15,2,5,18,1,5,16,2,5,3,0,5,33,5,forb,0.033308669,0.003874834,0.010128952,0.212958855,0.055901699,0.298142397,0.124225999,0.279508497,0.338798178
Leucanthemum.heterophyllum,3-H,3,5,2,39.55,0,60.45,CR,3,2.5,0.05,3,44.6,0.1,3,17.5,0.1,10,860,22,10,38,2,10,309,14,10,24,2,10,12,0.05,10,3,0,5,322,24,forb,0.034641016,0.003883522,0.009897433,0.080895475,0.166435666,0.143274716,0.263523138,0.013176157,0.166663452
Leucorchis.albida,4-G,3,4,2,31.51,0,68.49,R/CR,3,2.9,0.05,3,44.6,0.1,3,15.5,0.2,15,666,43,15,24,2,15,184,14,15,28,1,15,13,0.05,15,2,0,1,200,NA,forb,0.029862945,0.003883522,0.022349043,0.250057483,0.322748612,0.294683515,0.138320834,0.01489609,NA
Ligusticum.mutellina,3-H,3,5,1,22.46,47.4,30.14,S/CSR,3,3.2,0.05,3,49,0.1,3,15.2,0.1,10,928,71,10,44,5,10,148,13,10,22,2,10,29,1,10,1,0,5,89,10,forb,0.027063294,0.003534798,0.011395071,0.241941502,0.359349734,0.277767632,0.287479787,0.109044057,0.251243593
Linaria.alpina,3-H,4,4,2,0,0,100,R,3,2.5,0.05,3,44.9,0.2,3,18.2,0.2,5,15,3,5,1,0.05,5,4,1,5,25,2,5,17,2,5,2,0,5,26,2,forb,0.034641016,0.007715148,0.019033525,0.447213595,0.111803399,0.559016994,0.178885438,0.263066821,0.172005229
Lloydia.serotina,4-G,3,5,1,26.53,13.4,60.07,R/CSR,3,2.5,0.05,3,43.7,0.2,3,17.6,0.2,10,158,11,10,11,1,10,64,5,10,15,1,10,17,0.05,10,3,0,1,85,NA,graminoid,0.034641016,0.007927006,0.019682396,0.220158571,0.287479787,0.247052942,0.210818511,0.009300817,NA
Loiseleuria.procumbens,7-Ch,6,5,1,0,100,0,S,3,0.9,0.05,3,55.6,0.5,3,62.9,3.2,10,11,0.05,10,3,0.05,10,6,0.05,10,4,0.05,10,44,1,10,3,0,5,7,1,shrub (sub-),0.096225045,0.015575996,0.088117052,0.014373989,0.052704628,0.026352314,0.039528471,0.071869947,0.319438282
Lotus.alpinus,3-H,3,5,1,4.49,47.01,48.5,SR,3,4.4,0.05,3,46.9,0.1,3,10.7,0.05,5,69,4,5,3,1,5,13,1,5,25,5,5,25,5,5,1,0,5,35,3,forb,0.019682396,0.003693072,0.008093695,0.129627129,0.745355992,0.172005229,0.447213595,0.447213595,0.191662969
Luzula.alpino.pilosa,3-H,4,5,1,21.44,10.95,67.61,R/CR,3,2.9,0.2,3,46.9,0.1,3,16.1,0.9,5,388,28,5,14,2,5,77,9,5,29,3,5,18,1,5,2,0,5,152,12,graminoid,0.11945178,0.003693072,0.096822716,0.16136573,0.319438282,0.261358595,0.231317377,0.124225999,0.176531682
Luzula.lutea,3-H,3,5,1,13.36,70.96,15.68,S/SR,3,2.4,0.05,3,47.5,0.1,3,19.9,0.2,5,292,44,5,22,3,5,66,9,5,13,0.05,5,33,1,5,2,0,5,79,16,graminoid,0.036084392,0.003646423,0.017407546,0.33694175,0.304918361,0.304918361,0.008600261,0.067759636,0.452874527
Luzula.spicata,3-H,3,5,1,1.2,96.66,2.14,S,3,1.6,0.1,3,46.7,0.1,3,28.9,2.1,5,33,3,5,3,0.05,5,10,1,5,10,0.05,5,33,1,5,2,0,5,35,2,graminoid,0.108253175,0.003708888,0.125858363,0.203278907,0.0372678,0.223606798,0.01118034,0.067759636,0.127775313
Luzula.sudetica,3-H,3,5,1,14.17,28.11,57.72,R/CSR,3,3.2,0.1,3,47.2,0.1,3,14.7,0.2,6,244,27,6,9,1,6,45,6,6,26,1,6,21,1,6,1,0,6,210,14,graminoid,0.054126588,0.003669599,0.023565317,0.271050094,0.272165527,0.326598632,0.094211144,0.116642369,0.163299316
Minuartia.recurva,7-Ch,4,5,1,0,61.82,38.18,SR,3,1.6,0.05,3,41.7,0.4,3,26.3,0.1,5,2,0.05,5,0,0.05,5,0,0.05,5,19,2,5,27,1,5,1,0,5,9,1,forb,0.054126588,0.016614396,0.006585745,0.055901699,NA,NA,0.235375577,0.082817332,0.248451997
Minuartia.sedoides,7-Ch,3,5,1,0,66.73,33.27,S/SR,0,NA,NA,0,NA,NA,0,NA,NA,6,7,1,6,0,0.05,6,1,0.05,6,17,2,6,28,1,6,2,0,6,5,0.05,forb,NA,NA,NA,0.349927106,NA,0.122474487,0.288175264,0.087481777,0.024494897
Minuartia.verna,7-Ch,3,5,1,0,63.25,36.75,S/SR,0,NA,NA,0,NA,NA,0,NA,NA,20,2,0.05,20,0,0.05,20,1,0.05,20,16,0.05,20,25,0.05,20,2,0,20,12,0.05,forb,NA,NA,NA,0.111803399,NA,0.223606798,0.013975425,0.008944272,0.0186339
Myosotis.alpestris,3-H,2,4,1,9.88,73.58,16.54,S/SR,3,1.5,0.05,3,44.8,0.2,3,30,0.9,5,123,7,5,10,2,5,37,8,5,16,5,5,27,2,5,2,1,5,45,8,forb,0.057735027,0.00773237,0.051961524,0.127255901,0.447213595,0.483474157,0.698771243,0.165634665,0.397523196
Nardus.stricta,3-H,3,3,2,6.24,93.76,0,S,3,1.8,0.05,3,47.2,0.2,3,25.6,0.4,6,113,8,6,14,1,6,35,3,6,8,0.05,6,41,0.05,6,2,0,6,254,28,graminoid,0.048112522,0.007339198,0.027063294,0.173415203,0.174963553,0.209956264,0.015309311,0.002987183,0.270022491
Nigritella.nigra,4-G,3,5,1,41.55,0,58.45,CR,3,2.8,0.05,3,43.7,0.2,3,15.7,0.1,15,331,22,15,22,1,15,154,7,15,15,1,15,15,0.05,15,4,0,1,140,NA,forb,0.030929479,0.007927006,0.011032171,0.257418833,0.176044698,0.176044698,0.25819889,0.012909944,NA
Oreochloa.disticha,3-H,3,5,1,1.65,98.35,0,S,3,2.2,0.05,3,46.9,0.1,3,21.7,0.3,10,39,2,10,5,0.05,10,13,1,10,9,0.05,10,37,1,10,2,0,5,72,2,graminoid,0.039364791,0.003693072,0.023945403,0.162168085,0.031622777,0.243252128,0.017568209,0.085466964,0.062112999
Oxyria.digyna,3-H,4,5,1,22.48,0,77.52,R/CR,3,4.7,0.1,3,45.4,0.2,3,9.6,0.1,5,354,50,5,12,2,5,124,18,5,29,3,5,10,1,5,3,0,5,76,11,forb,0.036852145,0.00763018,0.018042196,0.31582881,0.372677996,0.324590513,0.231317377,0.223606798,0.323641418
Papaver.rhaeticum,3-H,4,5,1,12.19,33.47,54.34,R/CSR,3,3.6,0.1,3,42.5,0.1,3,11.8,0.3,14,112,6,14,7,0.05,14,33,2,14,17,0.05,14,20,0.05,14,2,0,1,125,NA,forb,0.048112522,0.004075414,0.04403519,0.200445931,0.026726124,0.226767114,0.011004875,0.009354143,NA
Pedicularis.kerneri,3-H,2,5,1,19.87,76.19,3.94,S/CS,3,2.9,0.05,3,46.4,0.1,3,15.7,0.1,5,258,41,5,25,5,5,96,15,5,10,0.05,5,26,2,5,3,0,5,47,2,forb,0.029862945,0.003732868,0.011032171,0.355344136,0.447213595,0.349385621,0.01118034,0.172005229,0.095151829
Peucedanum.ostruthium,3-H,3,5,1,60.9,19.27,19.84,C/CSR,6,3.3,0.2,6,46.6,0.4,6,14.3,0.8,12,13913,2742,12,620,135,12,2546,511,12,25,2,12,23,1,12,1,0,12,691,49,forb,0.148453924,0.021025663,0.137034391,0.68271161,0.75428019,0.695269413,0.277128129,0.150613114,0.245645411
Phleum.rhaeticum,3-H,3,5,1,16.68,44.94,38.39,SR/CSR,6,2.4,0.1,6,47.8,0.1,6,20.1,1.1,18,547,80,18,21,3,18,76,12,18,25,1,18,30,1,18,1,0,12,390,38,graminoid,0.102062073,0.005124456,0.134051677,0.620495896,0.606091527,0.669890635,0.169705627,0.141421356,0.33752785
Phyteuma.betonicifolium,3-H,3,4,2,40.56,0,59.44,CR,3,3.6,0.2,3,46.6,0.4,3,12.9,0.7,10,2385,154,10,56,5,10,474,42,10,43,2,10,12,0.05,10,2,0,5,462,11,forb,0.096225045,0.014867389,0.093987253,0.204188998,0.28234622,0.280201818,0.147082682,0.013176157,0.053239714
Phyteuma.globulariifolium,3-H,3,5,1,3.44,43.02,53.53,SR,3,2.9,0.1,3,48.5,0.2,3,16.7,0.5,10,53,3,10,2,0.05,10,11,1,10,23,2,10,23,1,10,2,0,5,20,1,forb,0.05972589,0.007142478,0.051857809,0.178996849,0.079056942,0.287479787,0.274980666,0.137490333,0.111803399
Phyteuma.hemisphaericum,3-H,3,5,1,3.22,24.97,71.81,R/SR,3,2.7,0.05,3,48.9,0.05,3,17.8,0.05,5,43,11,5,2,0.05,5,11,2,5,21,3,5,20,3,5,2,0,5,74,11,forb,0.032075015,0.001771013,0.004865311,0.57201739,0.055901699,0.406557814,0.319438282,0.335410197,0.332388483
Plantago.alpina,3-H,3,5,1,16.82,37.21,45.97,SR/CSR,3,2.5,0.05,3,43.9,0.2,3,17.3,0.2,10,113,7,10,8,1,10,43,2,10,14,0.05,10,19,1,10,3,0,6,38,4,forb,0.034641016,0.007890892,0.020023709,0.195893306,0.395284708,0.147082682,0.011293849,0.166435666,0.257841026
Poa.alpina,3-H,3,4,2,16.96,51.88,31.16,S/CSR,6,2.6,0.1,6,47.1,0.3,6,18.3,0.8,12,375,23,12,21,3,12,80,12,12,21,2,12,27,1,12,1,0,12,153,11,graminoid,0.094211144,0.015601845,0.107081519,0.212464899,0.494871659,0.519615242,0.32991444,0.12830006,0.249053057
Poa.laxa,3-H,2,5,1,11.87,57.74,30.4,S/CSR,0,NA,NA,0,NA,NA,0,NA,NA,6,252,30,6,14,2,6,47,6,6,19,1,6,30,2,6,1,0,6,104,5,graminoid,NA,NA,NA,0.291605922,0.349927106,0.312700818,0.128920513,0.163299316,0.11776393
Poa.nemoralis,3-H,4,4,1,3.67,60.54,35.79,SR,3,0.8,0.05,3,44.4,0.3,3,56.6,2.5,5,91,4,5,3,0.05,5,9,1,5,29,4,5,38,3,5,1,0,1,450,NA,graminoid,0.108253175,0.011703046,0.076504011,0.098288702,0.0372678,0.248451997,0.308423169,0.176531682,NA
Polygonum.viviparum,4-G,3,6,1,16.14,61.45,22.41,S/CSR,3,2.8,0.05,3,49.7,0.1,3,17.6,0.2,10,224,25,10,17,2,10,67,8,10,14,1,10,25,0.05,10,2,0,5,92,3,forb,0.030929479,0.003485012,0.019682396,0.352932775,0.372032666,0.377585392,0.225876976,0.006324555,0.07291526
Potentilla.aurea,3-H,3,4,2,15.72,42.81,41.47,SR/CSR,3,2.4,0.1,3,46.8,0.6,3,19.3,0.4,10,492,24,10,18,1,10,66,4,10,28,1,10,28,0.05,10,1,0,5,114,12,forb,0.072168784,0.02220578,0.035897426,0.154257447,0.175682092,0.191653192,0.112938488,0.005646924,0.235375577
Potentilla.frigida,3-H,3,5,1,25.6,58.67,15.73,S/CSR,3,2,0.05,3,43.9,0.2,3,21.5,0.3,12,1025,56,12,72,4,12,224,14,12,14,0.05,12,32,0.05,12,1,0,1,65,NA,forb,0.04330127,0.007890892,0.024168151,0.189258235,0.19245009,0.216506351,0.012371791,0.005412659,NA
Potentilla.grandiflora,3-H,3,4,2,22.96,58.69,18.35,S/CSR,0,NA,NA,0,NA,NA,0,NA,NA,6,1002,103,6,64,6,6,184,19,6,16,1,6,35,2,6,1,0,6,64,4,forb,NA,NA,NA,0.251793856,0.229639663,0.252936441,0.153093109,0.139970842,0.153093109
Primula.daonensis,3-H,3,4,1,27.12,0,72.88,R/CR,0,NA,NA,0,NA,NA,0,NA,NA,6,271,19,6,14,1,6,100,9,6,20,1,6,14,1,6,3,0,6,49,3,forb,NA,NA,NA,0.171735443,0.174963553,0.220454077,0.122474487,0.174963553,0.14996876
Primula.glutinosa,3-H,3,5,1,21.85,0,78.15,R/CR,3,2.7,0.05,3,47.6,0.2,3,17.7,0.2,10,133,12,10,8,1,10,58,6,10,17,1,10,14,0.05,10,4,0,5,30,3,forb,0.032075015,0.007277524,0.019571196,0.285318285,0.395284708,0.327132172,0.186016333,0.011293849,0.223606798
Primula.hirsuta,3-H,3,4,1,29.34,0,70.66,R/CR,3,3.5,0.1,3,42.6,0.2,3,12.1,0.2,5,261,58,5,15,3,5,123,30,5,18,1,5,12,1,5,4,0,5,75,8,forb,0.049487166,0.008131694,0.028628939,0.496903995,0.447213595,0.545382434,0.124225999,0.186338998,0.238513918
Pulsatilla.alpina,3-H,3,3,2,44.25,25.59,30.16,C/CSR,3,2.1,0.2,3,45.6,0.1,3,22.6,2,10,2020,204,10,112,9,10,527,55,10,18,1,10,23,2,10,2,0,5,164,15,forb,0.16495722,0.003798357,0.153278833,0.319358734,0.254111598,0.330028978,0.175682092,0.274980666,0.204518413
Pulsatilla.vernalis,3-H,3,4,1,28.94,64.26,6.8,S/CS,3,1.9,0.1,3,44,0.2,3,23.3,0.6,15,820,37,15,74,4,15,254,12,15,11,0.05,15,29,0.05,15,2,0,1,85,NA,forb,0.091160569,0.007872958,0.044602167,0.174756566,0.209350451,0.182975591,0.01760447,0.006677557,NA
Ranunculus.glacialis,3-H,2,5,1,41.35,0,58.65,CR,3,1.7,0.05,3,44.3,0.1,3,26.6,0.4,5,262,17,5,19,2,5,132,9,5,14,1,5,14,0.05,5,4,0,5,46,3,forb,0.050942671,0.003909821,0.026045877,0.14508838,0.235375577,0.15245918,0.159719141,0.007985957,0.14583052
Ranunculus.montanus,3-H,2,4,2,40.14,15.15,44.71,CR/CSR,3,2.7,0.05,3,45.8,0.1,3,17.1,0.1,10,1755,231,10,71,13,10,368,69,10,27,2,10,19,1,10,2,0,5,200,14,forb,0.032075015,0.00378177,0.010128952,0.416231419,0.579008586,0.592927061,0.23424279,0.166435666,0.156524758
Ranunculus.pyrenaeus,3-H,3,4,1,22.26,55.5,22.24,S/CSR,3,3.6,0.1,3,47.7,0.1,3,13.2,0.2,5,220,17,5,18,2,5,84,7,5,12,0.05,5,22,0.05,5,3,0,5,93,18,forb,0.048112522,0.003631134,0.026243194,0.172787071,0.248451997,0.186338998,0.00931695,0.005081973,0.43278735
Rhodiola.rosea,7-Ch,3,4,2,17.09,0,82.91,R/CR,3,2,0.05,3,45.2,0.6,3,22.7,0.2,10,148,4,10,7,0.05,10,42,1,10,21,0.05,10,16,0.05,10,2,0,1,300,NA,forb-succulent,0.04330127,0.022991825,0.01526036,0.085466964,0.022587698,0.075292325,0.007529233,0.009882118,NA
Rhododendron.ferrugineum,8-NP,6,4,1,11.68,88.32,0,S,3,1.4,0.05,3,48.5,0.2,3,35.1,0.5,15,293,12,15,44,2,15,100,5,15,7,0.05,15,44,0.05,15,2,0,1,650,NA,shrub (sub-),0.061858957,0.007142478,0.024673088,0.158620478,0.176044698,0.193649167,0.027664167,0.004401117,NA
Sagina.saginoides,3-H,2,4,1,0,77.71,22.29,S/SR,0,NA,NA,0,NA,NA,0,NA,NA,20,5,1,20,0,0.05,20,2,0.05,20,12,0.05,20,24,1,20,3,0,20,10,0.05,forb,NA,NA,NA,0.894427191,NA,0.111803399,0.0186339,0.186338998,0.02236068
Salix.foetida,8-NP,6,4,1,6.88,89.33,3.79,S,3,2.5,0.05,3,46.9,0.05,3,18.7,0.2,11,124,6,11,12,1,11,30,2,11,11,0.05,11,39,1,11,1,0,1,650,NA,shrub (sub-),0.034641016,0.001846536,0.018524608,0.160481845,0.276385399,0.221108319,0.015075567,0.085041661,NA
Salix.helvetica,8-NP,6,4,1,10.57,58.97,30.46,S/CSR,3,3.5,0.1,3,46.9,0.2,3,13.5,0.1,14,219,16,14,12,1,14,40,3,14,18,0.05,14,30,0.05,14,1,0,1,550,NA,shrub (sub-),0.049487166,0.007386144,0.012830006,0.273363097,0.311804782,0.280624304,0.010393493,0.006236096,NA
Salix.herbacea,8-NP,6,4,2,9.85,63.11,27.04,S/SR,3,3.4,0.05,3,49.7,0.2,3,14.6,0.2,10,161,10,10,10,1,10,36,3,10,16,1,10,28,0.05,10,2,0,5,20,1,shrub (sub-),0.025471335,0.006970023,0.023726723,0.196414762,0.316227766,0.263523138,0.197642354,0.005646924,0.111803399
Salix.reticulata,8-NP,6,4,2,18.39,65.09,16.52,S/CSR,3,2.8,0.05,3,50.2,0.2,3,17.9,0.2,5,343,29,5,27,1,5,96,3,5,13,1,5,28,1,5,2,0,1,60,NA,shrub (sub-),0.030929479,0.006900601,0.019352523,0.18905531,0.082817332,0.069877124,0.172005229,0.079859571,NA
Salix.retusa,8-NP,6,4,1,1.26,72.14,26.59,S/SR,0,NA,NA,0,NA,NA,0,NA,NA,6,35,2,6,2,0.05,6,8,0.05,6,15,0.05,6,30,1,6,2,0,6,33,4,shrub (sub-),NA,NA,NA,0.139970842,0.061237244,0.015309311,0.008164966,0.081649658,0.296907848
Salix.serpyllifolia,8-NP,6,4,1,7.71,78.59,13.7,S/SR,3,3.1,0.05,3,44.7,0.2,3,14.4,0.1,15,128,5,15,10,0.05,15,31,1,15,13,0.05,15,33,1,15,2,0,1,150,NA,shrub (sub-),0.027936303,0.007749668,0.012028131,0.151288412,0.019364917,0.124934947,0.01489609,0.117363132,NA
Saxifraga.aizoides,3-H,4,4,2,0,70.01,29.99,S/SR,3,1.3,0.05,3,47.4,0.1,3,37.8,0.6,5,18,1,5,1,0.05,5,6,1,5,13,1,5,22,1,5,3,0,5,55,8,forb,0.066617339,0.003654116,0.02749287,0.124225999,0.111803399,0.372677996,0.172005229,0.101639454,0.325246251
Saxifraga.androsacea,3-H,2,4,2,0.72,0,99.28,R,0,NA,NA,0,NA,NA,0,NA,NA,6,28,3,6,1,0.05,6,7,1,6,26,1,6,15,1,6,2,0,6,25,2,forb,NA,NA,NA,0.26244533,0.122474487,0.349927106,0.094211144,0.163299316,0.195959179
Saxifraga.bryoides,7-Ch,4,5,1,0,82.35,17.65,S/SR,3,1.8,0.05,3,44,0.1,3,25.1,0.1,5,3,0.05,5,0,0.05,5,1,0.05,5,15,4,5,32,6,5,2,0,5,5,0.05,forb,0.048112522,0.003936479,0.006900601,0.0372678,NA,0.111803399,0.596284794,0.419262746,0.02236068
Saxifraga.oppositifolia,7-Ch,4,5,1,0,65.92,34.08,S/SR,3,1.8,0.05,3,46.8,0.1,3,26,0.3,10,4,0.05,10,0,0.05,10,1,0.05,10,16,1,10,26,1,10,2,0,5,6,1,forb,0.048112522,0.003700963,0.019985202,0.039528471,NA,0.158113883,0.197642354,0.121626064,0.372677996
Saxifraga.paniculata,7-Ch,4,3,2,2.18,97.82,0,S,3,1,0.05,3,33.1,0.3,3,31.6,0.6,10,79,3,10,10,1,10,55,3,10,9,0.05,10,17,0.05,10,6,0,1,275,NA,forb,0.08660254,0.015698346,0.032887041,0.120086493,0.316227766,0.172487872,0.017568209,0.009300817,NA
Saxifraga.seguieri,3-H,2,5,1,0,0,100,R,0,NA,NA,0,NA,NA,0,NA,NA,6,20,1,6,1,0.05,6,8,1,6,23,2,6,12,1,6,3,0,6,14,2,forb,NA,NA,NA,0.122474487,0.122474487,0.306186218,0.212999108,0.204124145,0.349927106
Saxifraga.stellaris,3-H,2,5,1,9.3,15.1,75.6,R/SR,3,1.6,0.05,3,41.3,0.05,3,25.8,0.1,13,67,3,13,4,0.05,13,22,1,13,18,1,13,18,1,13,3,0,1,180,NA,forb,0.054126588,0.002096914,0.006713375,0.161442594,0.045069391,0.163888694,0.200308404,0.200308404,NA
Sedum.alpestre,7-Ch,4,5,1,0,86.83,13.17,S,3,1.5,0.05,3,39.7,0.2,3,26.7,0.4,14,8,0.05,14,0,0.05,14,6,0.05,14,20,0.05,14,6,0.05,14,7,0,1,40,NA,forb-succulent,0.057735027,0.008725697,0.025948327,0.023385359,NA,0.031180478,0.009354143,0.031180478,NA
Sedum.atratum.atratum,1-T,1,5,1,1.69,96.87,1.44,S,0,NA,NA,0,NA,NA,0,NA,NA,10,71,3,10,7,0.05,10,66,4,10,11,1,10,10,0.05,10,8,1,5,15,1,forb-annual,NA,NA,NA,0.133617366,0.022587698,0.191653192,0.287479787,0.015811388,0.149071198
Sempervivum.arachnoideum,7-Ch,4,4,2,1.44,98.56,0,S,0,NA,NA,0,NA,NA,0,NA,NA,10,62,7,10,14,1,10,137,13,10,5,0.05,10,10,0.05,10,21,2,5,10,1,forb-succulent,NA,NA,NA,0.357031349,0.225876976,0.300070143,0.031622777,0.015811388,0.223606798
Sempervivum.montanum,7-Ch,4,5,1,0.01,99.99,0,S,3,0.8,0.05,3,38.1,0.1,3,45,0.5,15,25,2,15,5,0.05,15,80,2,15,5,0.05,15,7,0.05,15,31,2,1,95,NA,forb-succulent,0.108253175,0.004546065,0.019245009,0.309838668,0.038729833,0.096824584,0.038729833,0.027664167,NA
Senecio.doronicum,3-H,3,5,1,87.82,0,12.18,C,3,2.7,0.1,3,41.1,0.2,3,15.2,0.5,12,5919,228,12,485,28,12,3275,149,12,12,0.05,12,15,1,12,5,0,1,450,NA,forb,0.06415003,0.008428471,0.056975356,0.133437264,0.199989372,0.157603402,0.014433757,0.230940108,NA
Senecio.incanus.carniolicus,3-H,3,5,1,18.33,81.67,0,S/CS,0,NA,NA,0,NA,NA,0,NA,NA,6,96,9,6,11,1,6,51,4,6,9,0.05,6,21,1,6,4,0,6,38,1,forb,NA,NA,NA,0.229639663,0.222680886,0.192116843,0.013608276,0.116642369,0.064460256
Senecio.incanus.incanus,3-H,3,5,1,18.98,79.41,1.61,S/CS,3,1.7,0.05,3,48.8,0.1,3,28.1,0.5,5,179,27,5,18,3,5,75,11,5,10,1,5,25,2,5,3,0,5,46,5,forb,0.050942671,0.003549284,0.030819409,0.337283997,0.372677996,0.327956637,0.223606798,0.178885438,0.243050867
Sibbaldia.procumbens,3-H,3,6,1,7.28,73.23,19.48,S/SR,0,NA,NA,0,NA,NA,0,NA,NA,6,143,17,6,10,1,6,27,3,6,15,1,6,35,1,6,1,0,6,18,2,forb,NA,NA,NA,0.291198081,0.244948974,0.272165527,0.163299316,0.069985421,0.272165527
Silene.acaulis,7-Ch,3,5,1,0,46.02,53.98,SR,3,1.1,0.05,3,44.9,0.4,3,41,0.7,5,4,0.05,5,0,0.05,5,1,0.05,5,28,1,5,26,1,5,1,0,5,8,1,forb,0.078729582,0.015430297,0.029571599,0.02795085,NA,0.111803399,0.079859571,0.086002615,0.279508497
Silene.rupestris,2-Hb,1,4,2,2.67,43.17,54.16,SR,3,1.4,0.1,3,51,0.3,3,37.2,2.5,18,43,2,18,2,0.05,18,10,1,18,21,1,18,22,1,18,2,0,5,101,11,forb-biennial,0.123717915,0.010188534,0.116401264,0.197332125,0.106066017,0.424264069,0.202030509,0.192847304,0.243532156
Soldanella.alpina,3-H,2,3,2,16.92,57,26.08,S/CSR,3,2,0.05,3,47.9,0.05,3,24.4,0.1,5,280,54,5,19,3,5,75,13,5,15,1,5,26,1,5,2,0,1,37,NA,forb,0.04330127,0.001807986,0.007098569,0.431241681,0.353063365,0.387585116,0.149071198,0.086002615,NA
Soldanella.pusilla,3-H,3,4,1,6.85,61.66,31.48,S/SR,3,2,0.05,3,48.8,0.1,3,23.9,0.2,10,95,8,10,6,1,10,23,2,10,17,1,10,27,3,10,2,0,5,11,2,forb,0.04330127,0.003549284,0.014494149,0.266297066,0.527046277,0.274980666,0.186016333,0.351364184,0.406557814
Solidago.virgaurea,3-H,3,5,2,24.28,46.06,29.65,S/CSR,3,3.3,0.1,3,49.3,0.2,3,15.1,0.3,6,874,41,6,46,2,6,166,11,6,19,0.05,6,28,1,6,1,0,6,310,17,forb,0.052486388,0.007026575,0.034411605,0.114907414,0.106499554,0.162315585,0.006446026,0.087481777,0.134326857
Taraxacum.alpestre,3-H,3,4,1,17.47,53.69,28.85,S/CSR,0,NA,NA,0,NA,NA,0,NA,NA,6,191,15,6,14,1,6,63,8,6,14,1,6,23,1,6,3,0,6,38,3,forb,NA,NA,NA,0.192368304,0.174963553,0.311046317,0.174963553,0.106499554,0.193380769
Taraxacum.apenninum,3-H,3,5,1,30.07,0,69.93,R/CR,0,NA,NA,0,NA,NA,0,NA,NA,20,622,57,20,22,2,20,159,18,20,28,1,20,14,0.05,20,2,0,20,14,1,forb,NA,NA,NA,0.409825964,0.406557814,0.506279542,0.159719141,0.015971914,0.319438282
Taraxacum.schroeteranum,3-H,3,4,1,20.08,0,79.92,R/CR,0,NA,NA,0,NA,NA,0,NA,NA,6,368,34,6,10,1,6,77,8,6,36,2,6,13,1,6,2,0,6,36,3,forb,NA,NA,NA,0.226311552,0.244948974,0.254492441,0.136082763,0.188422288,0.204124145
Trifolium.alpinum,3-H,3,4,2,13.94,50.26,35.8,SR/CSR,3,4.7,0.05,3,50.8,0.1,3,10.7,0.05,6,397,69,6,17,3,6,58,11,6,24,1,6,29,1,6,1,0,6,126,9,forb,0.018426072,0.003409549,0.008093695,0.425729955,0.432262896,0.464558399,0.102062073,0.084465164,0.174963553
Trifolium.badium,3-H,3,5,1,16.14,43.9,39.95,SR/CSR,3,2.6,0.1,3,45.7,0.2,3,17.8,0.6,5,299,37,5,15,2,5,65,11,5,20,1,5,24,0.05,5,2,0,5,155,15,forb,0.066617339,0.007580091,0.058383735,0.276704064,0.298142397,0.378411504,0.111803399,0.004658475,0.216393675
Trifolium.pallescens,3-H,3,5,1,9.1,65.17,25.73,S/SR,3,2.4,0.05,3,42.7,0.4,3,17.5,0.4,5,99,6,5,7,1,5,30,2,5,14,1,5,24,1,5,2,0,5,32,2,forb,0.036084392,0.0162253,0.039589733,0.135519271,0.319438282,0.149071198,0.159719141,0.093169499,0.139754249
Trifolium.pratense,3-H,3,3,4,16.83,44.68,38.49,SR/CSR,0,NA,NA,0,NA,NA,0,NA,NA,6,360,26,6,18,2,6,72,7,6,21,1,6,25,1,6,2,0,6,65,1,forb,NA,NA,NA,0.176907593,0.272165527,0.238144836,0.116642369,0.09797959,0.037684458
Trifolium.thalii,3-H,3,5,1,20.7,29.99,49.31,R/CSR,3,2.4,0.05,3,40.2,0.1,3,16.8,0.1,14,265,11,14,15,1,14,75,4,14,18,0.05,14,20,0.05,14,2,0,1,100,NA,forb,0.036084392,0.004308584,0.010309826,0.15531408,0.249443826,0.199555061,0.010393493,0.009354143,NA
Trisetum.spicatum,3-H,4,5,1,5.48,72.75,21.77,S/SR,0,NA,NA,0,NA,NA,0,NA,NA,10,95,15,10,6,1,10,19,3,10,15,0.05,10,33,1,10,1,0,10,66,6,graminoid,NA,NA,NA,0.499306999,0.527046277,0.499306999,0.010540926,0.095826596,0.287479787
Tussilago.farfara,4-G,3,1,3,57.82,0,42.18,CR,3,3.2,0.1,3,39.5,0.2,3,12.3,0.5,5,1548,185,5,90,12,5,620,71,5,17,1,5,14,1,5,3,0,5,102,15,forb,0.054126588,0.008769878,0.070408569,0.267230346,0.298142397,0.256065849,0.13153341,0.159719141,0.328833526
Vaccinium.gaultherioides,8-NP,6,4,1,6.63,54.13,39.23,SR,3,3.8,0.05,3,46.6,0.05,3,12.4,0.1,14,120,5,14,6,0.05,14,20,1,14,22,1,14,28,1,14,1,0,1,150,NA,shrub (sub-),0.022790142,0.001858424,0.013968152,0.155902391,0.031180478,0.187082869,0.170075336,0.133630621,NA
Vaccinium.myrtillus,8-NP,6,3,2,13.22,43.88,42.9,SR/CSR,3,1.8,0.05,3,52.5,0.05,3,29,0.3,10,399,18,10,14,1,10,48,3,10,30,1,10,28,1,10,1,0,5,205,14,shrub (sub-),0.048112522,0.001649572,0.017917767,0.142659143,0.225876976,0.197642354,0.105409255,0.112938488,0.152707081
Vaccinium.vitis.idaea,8-NP,6,4,1,9.76,90.24,0,S,3,0.9,0.05,3,49.1,0.1,3,52.8,0.6,13,253,18,13,43,3,13,89,6,13,6,0.05,13,48,1,13,2,0,1,200,NA,shrub (sub-),0.096225045,0.003527598,0.019682396,0.256521435,0.251550089,0.243070873,0.030046261,0.075115652,NA
Valeriana.tripteris,3-H,3,3,3,34.29,0,65.71,R/CR,3,2.4,0.1,3,47.3,0.2,3,20.1,0.6,10,1917,107,10,36,3,10,352,21,10,55,3,10,10,0.05,10,2,0,5,150,9,forb,0.072168784,0.007323682,0.051703009,0.176506891,0.263523138,0.18865861,0.172487872,0.015811388,0.134164079
Veratrum.album,4-G,3,5,1,75.42,12.81,11.77,C/CS,3,2.6,0.1,3,46.8,0.1,3,18.4,0.5,10,18767,2470,10,1210,185,10,5737,927,10,16,0.05,10,21,1,10,2,0,5,700,40,forb,0.066617339,0.003700963,0.047066598,0.416200022,0.483488733,0.51096939,0.009882118,0.15058465,0.127775313
Veronica.alpina,3-H,2,5,1,4.82,11.55,83.64,R,3,1.6,0.05,3,47.4,0.1,3,30.5,0.1,10,58,5,10,2,0.05,10,12,1,10,29,2,10,18,1,10,2,0,5,46,4,forb,0.054126588,0.003654116,0.005678855,0.272610143,0.079056942,0.263523138,0.218088114,0.175682092,0.194440694
Veronica.bellidioides,3-H,4,5,1,8.86,91.14,0,S,3,0.7,0.05,3,49.4,0.2,3,67.9,3.6,5,141,16,5,16,2,5,44,6,5,9,0.05,5,36,1,5,2,0,5,19,1,forb,0.123717915,0.007012351,0.091831854,0.25373821,0.279508497,0.304918361,0.0124226,0.062112999,0.117687788
Veronica.fruticans,7-Ch,4,4,2,2.72,85.76,11.52,S,3,1.4,0.05,3,47.6,0.3,3,34.2,0.7,11,47,3,11,4,0.05,11,13,1,11,12,0.05,11,31,1,11,2,0,1,100,NA,shrub (sub-),0.061858957,0.010916287,0.035451332,0.211699455,0.04145781,0.255124984,0.01381927,0.106987896,NA
Viola.calcarata,3-H,3,4,2,5.43,37.99,56.58,SR,3,4.1,0.1,3,46,0.05,3,11.4,0.2,10,58,4,10,3,0.05,10,16,2,10,19,1,10,20,0.05,10,2,0,5,20,4,forb,0.042245142,0.001882664,0.030386856,0.218088114,0.052704628,0.395284708,0.166435666,0.007905694,0.447213595